Data,Filme,Captura,Termino,Link
01-10-2026,DESCONHECIDO,16:01,---,Link não encontrado
01-10-2026,DESCONHECIDO,17:01,---,Link não encontrado
01-10-2026,DESCONHECIDO,18:01,---,Link não encontrado
01-10-2026,DESCONHECIDO,19:01,---,Link não encontrado
01-10-2026,DESCONHECIDO,19:29,---,Link não encontrado
01-10-2026,DESCONHECIDO,20:01,---,Link não encontrado
01-10-2026,DESCONHECIDO,21:01,---,Link não encontrado
01-10-2026,DESCONHECIDO,22:01,---,Link não encontrado
01-10-2026,DESCONHECIDO,22:59,---,Link não encontrado
01-10-2026,DESCONHECIDO,23:01,---,Link não encontrado
02-10-2026,DESCONHECIDO,00:01,---,Link não encontrado
02-10-2026,DESCONHECIDO,01:01,---,Link não encontrado
02-10-2026,DESCONHECIDO,02:01,---,Link não encontrado
02-10-2026,DESCONHECIDO,03:01,---,Link não encontrado
02-10-2026,DESCONHECIDO,04:01,---,Link não encontrado
02-10-2026,DESCONHECIDO,05:01,---,Link não encontrado
02-10-2026,DESCONHECIDO,05:16,---,Link não encontrado
02-10-2026,DESCONHECIDO,06:01,---,Link não encontrado
02-10-2026,DESCONHECIDO,07:01,---,Link não encontrado
02-10-2026,DESCONHECIDO,08:01,---,Link não encontrado
02-10-2026,DESCONHECIDO,09:01,---,Link não encontrado
02-10-2026,DESCONHECIDO,10:01,---,Link não encontrado
02-10-2026,DESCONHECIDO,11:01,---,Link não encontrado
02-10-2026,DESCONHECIDO,12:01,---,Link não encontrado
02-10-2026,DESCONHECIDO,12:20,---,Link não encontrado
